img_name,category,classification,sign,description
warning_signs-e1b7b752-c228-11ec-8156-18cc1895e0b0.jpg,warning_signs,A,,
warning_signs-e1b7de53-c228-11ec-8b52-18cc1895e0b0.jpg,warning_signs,A,,
warning_signs-e1b8056a-c228-11ec-9f74-18cc1895e0b0.jpg,warning_signs,A,,
warning_signs-e1b82c7e-c228-11ec-b000-18cc1895e0b0.jpg,warning_signs,A,,
warning_signs-e1b82c7f-c228-11ec-86a0-18cc1895e0b0.jpg,warning_signs,A,,
warning_signs-e1b8538a-c228-11ec-8351-18cc1895e0b0.jpg,warning_signs,A,,
warning_signs-e1b8538b-c228-11ec-8797-18cc1895e0b0.jpg,warning_signs,A,,
warning_signs-e1b8538c-c228-11ec-b68a-18cc1895e0b0.jpg,warning_signs,A,,
warning_signs-e1b87aa5-c228-11ec-b747-18cc1895e0b0.jpg,warning_signs,A,,
warning_signs-e1b87aa6-c228-11ec-8824-18cc1895e0b0.jpg,warning_signs,A,,
warning_signs-e1b87aa7-c228-11ec-8262-18cc1895e0b0.jpg,warning_signs,A,,
warning_signs-e1b8a1b3-c228-11ec-af7d-18cc1895e0b0.jpg,warning_signs,A,,
warning_signs-e1b8a1b4-c228-11ec-a58e-18cc1895e0b0.jpg,warning_signs,A,,
warning_signs-e1b8a1b5-c228-11ec-b71c-18cc1895e0b0.jpg,warning_signs,A,,
warning_signs-e1b8c8bf-c228-11ec-811c-18cc1895e0b0.jpg,warning_signs,A,,
warning_signs-e1b8c8c0-c228-11ec-a2b0-18cc1895e0b0.jpg,warning_signs,A,,
warning_signs-e1b8c8c1-c228-11ec-b677-18cc1895e0b0.jpg,warning_signs,A,,
warning_signs-e1b8efd3-c228-11ec-ab5b-18cc1895e0b0.jpg,warning_signs,A,,
warning_signs-e1b8efd4-c228-11ec-a77f-18cc1895e0b0.jpg,warning_signs,A,,
warning_signs-e1b8efd5-c228-11ec-8ba1-18cc1895e0b0.jpg,warning_signs,A,,
warning_signs-e1b8efd6-c228-11ec-a4a8-18cc1895e0b0.jpg,warning_signs,A,,
warning_signs-e1b916dc-c228-11ec-bc1a-18cc1895e0b0.jpg,warning_signs,A,,
warning_signs-e1b916dd-c228-11ec-a81b-18cc1895e0b0.jpg,warning_signs,A,,
warning_signs-e1b916de-c228-11ec-9c06-18cc1895e0b0.jpg,warning_signs,A,,
warning_signs-e1b93df0-c228-11ec-8ee2-18cc1895e0b0.jpg,warning_signs,A,,
warning_signs-e1b93df1-c228-11ec-b206-18cc1895e0b0.jpg,warning_signs,A,,
warning_signs-e1b93df2-c228-11ec-8e3b-18cc1895e0b0.jpg,warning_signs,A,,
warning_signs-e1b964ff-c228-11ec-b43e-18cc1895e0b0.jpg,warning_signs,A,,
warning_signs-e1b98c10-c228-11ec-ab97-18cc1895e0b0.jpg,warning_signs,A,,
warning_signs-e1b98c11-c228-11ec-b157-18cc1895e0b0.jpg,warning_signs,A,,
warning_signs-e1b98c12-c228-11ec-9452-18cc1895e0b0.jpg,warning_signs,A,,
warning_signs-e1b9b31c-c228-11ec-807f-18cc1895e0b0.jpg,warning_signs,A,,
warning_signs-e1b9b31d-c228-11ec-b4e1-18cc1895e0b0.jpg,warning_signs,A,,
warning_signs-e1b9da35-c228-11ec-aff4-18cc1895e0b0.jpg,warning_signs,A,,
warning_signs-e1b9da36-c228-11ec-be7b-18cc1895e0b0.jpg,warning_signs,A,,
warning_signs-e1b9da37-c228-11ec-a104-18cc1895e0b0.jpg,warning_signs,A,,
warning_signs-e1ba014b-c228-11ec-ad31-18cc1895e0b0.jpg,warning_signs,A,,
warning_signs-e1ba014c-c228-11ec-af50-18cc1895e0b0.jpg,warning_signs,A,,
warning_signs-e1ba2853-c228-11ec-b6c2-18cc1895e0b0.jpg,warning_signs,A,,
warning_signs-e1ba2854-c228-11ec-9c26-18cc1895e0b0.jpg,warning_signs,A,,
warning_signs-e1ba2855-c228-11ec-92fe-18cc1895e0b0.jpg,warning_signs,A,,
warning_signs-e1ba4f63-c228-11ec-a981-18cc1895e0b0.jpg,warning_signs,A,,
warning_signs-e1ba4f64-c228-11ec-9c72-18cc1895e0b0.jpg,warning_signs,A,,
warning_signs-e1ba7670-c228-11ec-991b-18cc1895e0b0.jpg,warning_signs,A,,
warning_signs-e1ba7671-c228-11ec-95eb-18cc1895e0b0.jpg,warning_signs,A,,
warning_signs-e1ba7672-c228-11ec-bf32-18cc1895e0b0.jpg,warning_signs,A,,
warning_signs-e1ba9d7f-c228-11ec-a845-18cc1895e0b0.jpg,warning_signs,A,,
warning_signs-e1ba9d80-c228-11ec-a10c-18cc1895e0b0.jpg,warning_signs,A,,
warning_signs-e1bac490-c228-11ec-bccc-18cc1895e0b0.jpg,warning_signs,A,,
warning_signs-e1bac491-c228-11ec-b643-18cc1895e0b0.jpg,warning_signs,A,,
warning_signs-e1bac492-c228-11ec-a901-18cc1895e0b0.jpg,warning_signs,A,,
warning_signs-e1baeba1-c228-11ec-add9-18cc1895e0b0.jpg,warning_signs,A,,
warning_signs-e1baeba2-c228-11ec-9ae4-18cc1895e0b0.jpg,warning_signs,A,,
warning_signs-e1bb12ae-c228-11ec-b387-18cc1895e0b0.jpg,warning_signs,A,,
warning_signs-e1bb12af-c228-11ec-92a2-18cc1895e0b0.jpg,warning_signs,A,,
warning_signs-e1bb12b0-c228-11ec-a3f4-18cc1895e0b0.jpg,warning_signs,A,,
warning_signs-e1bb39c4-c228-11ec-a61b-18cc1895e0b0.jpg,warning_signs,A,,
warning_signs-e1bb39c5-c228-11ec-b94f-18cc1895e0b0.jpg,warning_signs,A,,
warning_signs-e1bb60cb-c228-11ec-b25d-18cc1895e0b0.jpg,warning_signs,A,,
warning_signs-e1bb60cc-c228-11ec-9aa2-18cc1895e0b0.jpg,warning_signs,A,,
warning_signs-e1bb87e6-c228-11ec-99c5-18cc1895e0b0.jpg,warning_signs,A,,
warning_signs-e1bb87e7-c228-11ec-a688-18cc1895e0b0.jpg,warning_signs,A,,
warning_signs-e1bb87e8-c228-11ec-9b8b-18cc1895e0b0.jpg,warning_signs,A,,
warning_signs-e1bbaf00-c228-11ec-b6be-18cc1895e0b0.jpg,warning_signs,A,,
warning_signs-e1bbd609-c228-11ec-b08b-18cc1895e0b0.jpg,warning_signs,A,,
warning_signs-e1bbd60a-c228-11ec-b2ad-18cc1895e0b0.jpg,warning_signs,A,,
warning_signs-e1bbfd0b-c228-11ec-aa4b-18cc1895e0b0.jpg,warning_signs,A,,
warning_signs-e1bbfd0c-c228-11ec-9944-18cc1895e0b0.jpg,warning_signs,A,,
warning_signs-e1bc241e-c228-11ec-b974-18cc1895e0b0.jpg,warning_signs,A,,
warning_signs-e1bc241f-c228-11ec-a845-18cc1895e0b0.jpg,warning_signs,A,,
warning_signs-e1bc4b2f-c228-11ec-b0aa-18cc1895e0b0.jpg,warning_signs,A,,
warning_signs-e1bc4b30-c228-11ec-981c-18cc1895e0b0.jpg,warning_signs,A,,
warning_signs-e1bc7243-c228-11ec-9582-18cc1895e0b0.jpg,warning_signs,A,,
warning_signs-e1bc7244-c228-11ec-9c40-18cc1895e0b0.jpg,warning_signs,A,,
warning_signs-e1bc994d-c228-11ec-96aa-18cc1895e0b0.jpg,warning_signs,A,,
warning_signs-e1bc994e-c228-11ec-9628-18cc1895e0b0.jpg,warning_signs,A,,
priority_signs-e1bcc05e-c228-11ec-a85c-18cc1895e0b0.jpg,priority_signs,B,,
priority_signs-e1bcc05f-c228-11ec-b4de-18cc1895e0b0.jpg,priority_signs,B,,
priority_signs-e1bce771-c228-11ec-86d5-18cc1895e0b0.jpg,priority_signs,B,,
priority_signs-e1bce772-c228-11ec-b4c4-18cc1895e0b0.jpg,priority_signs,B,,
priority_signs-e1bce773-c228-11ec-a113-18cc1895e0b0.jpg,priority_signs,B,,
priority_signs-e1bd0e7b-c228-11ec-815b-18cc1895e0b0.jpg,priority_signs,B,,
priority_signs-e1bd0e7c-c228-11ec-b62c-18cc1895e0b0.jpg,priority_signs,B,,
priority_signs-e1bd358f-c228-11ec-b190-18cc1895e0b0.jpg,priority_signs,B,,
priority_signs-e1bd3590-c228-11ec-8a8e-18cc1895e0b0.jpg,priority_signs,B,,
prohibitory_signs-e1bd5c93-c228-11ec-8b27-18cc1895e0b0.jpg,prohibitory_signs,C,,
prohibitory_signs-e1bd5c94-c228-11ec-8c1f-18cc1895e0b0.jpg,prohibitory_signs,C,,
prohibitory_signs-e1bd5c95-c228-11ec-b49e-18cc1895e0b0.jpg,prohibitory_signs,C,,
prohibitory_signs-e1bd83b4-c228-11ec-a173-18cc1895e0b0.jpg,prohibitory_signs,C,,
prohibitory_signs-e1bd83b5-c228-11ec-9e75-18cc1895e0b0.jpg,prohibitory_signs,C,,
prohibitory_signs-e1bd83b6-c228-11ec-b6f5-18cc1895e0b0.jpg,prohibitory_signs,C,,
prohibitory_signs-e1bdaab4-c228-11ec-acd7-18cc1895e0b0.jpg,prohibitory_signs,C,,
prohibitory_signs-e1bdaab5-c228-11ec-8ca5-18cc1895e0b0.jpg,prohibitory_signs,C,,
prohibitory_signs-e1bdaab6-c228-11ec-9ba8-18cc1895e0b0.jpg,prohibitory_signs,C,,
prohibitory_signs-e1bdd1cc-c228-11ec-a012-18cc1895e0b0.jpg,prohibitory_signs,C,,
prohibitory_signs-e1bdd1cd-c228-11ec-9c8c-18cc1895e0b0.jpg,prohibitory_signs,C,,
prohibitory_signs-e1bdf8e9-c228-11ec-9d67-18cc1895e0b0.jpg,prohibitory_signs,C,,
prohibitory_signs-e1bdf8ea-c228-11ec-a17e-18cc1895e0b0.jpg,prohibitory_signs,C,,
prohibitory_signs-e1be1ff9-c228-11ec-bfb4-18cc1895e0b0.jpg,prohibitory_signs,C,,
prohibitory_signs-e1be1ffa-c228-11ec-bbca-18cc1895e0b0.jpg,prohibitory_signs,C,,
prohibitory_signs-e1be4704-c228-11ec-be6f-18cc1895e0b0.jpg,prohibitory_signs,C,,
prohibitory_signs-e1be4705-c228-11ec-94df-18cc1895e0b0.jpg,prohibitory_signs,C,,
prohibitory_signs-e1be6e19-c228-11ec-b6a1-18cc1895e0b0.jpg,prohibitory_signs,C,,
prohibitory_signs-e1be6e1a-c228-11ec-a9ca-18cc1895e0b0.jpg,prohibitory_signs,C,,
prohibitory_signs-e1be6e1b-c228-11ec-b4a2-18cc1895e0b0.jpg,prohibitory_signs,C,,
prohibitory_signs-e1be952f-c228-11ec-9dae-18cc1895e0b0.jpg,prohibitory_signs,C,,
prohibitory_signs-e1be9530-c228-11ec-bd7e-18cc1895e0b0.jpg,prohibitory_signs,C,,
prohibitory_signs-e1bebc36-c228-11ec-939e-18cc1895e0b0.jpg,prohibitory_signs,C,,
prohibitory_signs-e1bebc37-c228-11ec-ab86-18cc1895e0b0.jpg,prohibitory_signs,C,,
prohibitory_signs-e1bee345-c228-11ec-8a7b-18cc1895e0b0.jpg,prohibitory_signs,C,,
prohibitory_signs-e1bf0a59-c228-11ec-ac24-18cc1895e0b0.jpg,prohibitory_signs,C,,
prohibitory_signs-e1bf0a5a-c228-11ec-840e-18cc1895e0b0.jpg,prohibitory_signs,C,,
prohibitory_signs-e1bf0a5b-c228-11ec-8150-18cc1895e0b0.jpg,prohibitory_signs,C,,
prohibitory_signs-e1bf315d-c228-11ec-84b6-18cc1895e0b0.jpg,prohibitory_signs,C,,
prohibitory_signs-e1bf315e-c228-11ec-9bce-18cc1895e0b0.jpg,prohibitory_signs,C,,
prohibitory_signs-e1bf5869-c228-11ec-bcd9-18cc1895e0b0.jpg,prohibitory_signs,C,,
prohibitory_signs-e1bf586a-c228-11ec-940d-18cc1895e0b0.jpg,prohibitory_signs,C,,
prohibitory_signs-e1bf7f80-c228-11ec-a581-18cc1895e0b0.jpg,prohibitory_signs,C,,
prohibitory_signs-e1bf7f81-c228-11ec-ab9e-18cc1895e0b0.jpg,prohibitory_signs,C,,
prohibitory_signs-e1bfa693-c228-11ec-85ab-18cc1895e0b0.jpg,prohibitory_signs,C,,
prohibitory_signs-e1bfa694-c228-11ec-96e5-18cc1895e0b0.jpg,prohibitory_signs,C,,
prohibitory_signs-e1bfcda1-c228-11ec-95b8-18cc1895e0b0.jpg,prohibitory_signs,C,,
prohibitory_signs-e1bfcda2-c228-11ec-87c2-18cc1895e0b0.jpg,prohibitory_signs,C,,
prohibitory_signs-e1bfcda3-c228-11ec-a297-18cc1895e0b0.jpg,prohibitory_signs,C,,
prohibitory_signs-e1bff4ad-c228-11ec-8144-18cc1895e0b0.jpg,prohibitory_signs,C,,
prohibitory_signs-e1bff4ae-c228-11ec-8f88-18cc1895e0b0.jpg,prohibitory_signs,C,,
prohibitory_signs-e1c01bbb-c228-11ec-99c6-18cc1895e0b0.jpg,prohibitory_signs,C,,
prohibitory_signs-e1c01bbc-c228-11ec-b3c9-18cc1895e0b0.jpg,prohibitory_signs,C,,
prohibitory_signs-e1c01bbd-c228-11ec-879d-18cc1895e0b0.jpg,prohibitory_signs,C,,
prohibitory_signs-e1c042d2-c228-11ec-befe-18cc1895e0b0.jpg,prohibitory_signs,C,,
prohibitory_signs-e1c069dd-c228-11ec-a1ca-18cc1895e0b0.jpg,prohibitory_signs,C,,
prohibitory_signs-e1c069de-c228-11ec-a9b7-18cc1895e0b0.jpg,prohibitory_signs,C,,
prohibitory_signs-e1c069df-c228-11ec-b01c-18cc1895e0b0.jpg,prohibitory_signs,C,,
prohibitory_signs-e1c090f1-c228-11ec-b889-18cc1895e0b0.jpg,prohibitory_signs,C,,
prohibitory_signs-e1c090f2-c228-11ec-85f4-18cc1895e0b0.jpg,prohibitory_signs,C,,
prohibitory_signs-e1c0b7fe-c228-11ec-8a38-18cc1895e0b0.jpg,prohibitory_signs,C,,
prohibitory_signs-e1c0b7ff-c228-11ec-bc57-18cc1895e0b0.jpg,prohibitory_signs,C,,
prohibitory_signs-e1c0b800-c228-11ec-85f2-18cc1895e0b0.jpg,prohibitory_signs,C,,
prohibitory_signs-e1c0df0d-c228-11ec-8d10-18cc1895e0b0.jpg,prohibitory_signs,C,,
prohibitory_signs-e1c0df0e-c228-11ec-9f04-18cc1895e0b0.jpg,prohibitory_signs,C,,
prohibitory_signs-e1c10622-c228-11ec-9f52-18cc1895e0b0.jpg,prohibitory_signs,C,,
prohibitory_signs-e1c12d2b-c228-11ec-8c9a-18cc1895e0b0.jpg,prohibitory_signs,C,,
prohibitory_signs-e1c12d2c-c228-11ec-8bcb-18cc1895e0b0.jpg,prohibitory_signs,C,,
prohibitory_signs-e1c15443-c228-11ec-8fec-18cc1895e0b0.jpg,prohibitory_signs,C,,
prohibitory_signs-e1c15444-c228-11ec-b818-18cc1895e0b0.jpg,prohibitory_signs,C,,
prohibitory_signs-e1c17b50-c228-11ec-85e4-18cc1895e0b0.jpg,prohibitory_signs,C,,
prohibitory_signs-e1c1a25f-c228-11ec-bc25-18cc1895e0b0.jpg,prohibitory_signs,C,,
prohibitory_signs-e1c1a260-c228-11ec-86a9-18cc1895e0b0.jpg,prohibitory_signs,C,,
prohibitory_signs-e1c1a261-c228-11ec-ac58-18cc1895e0b0.jpg,prohibitory_signs,C,,
prohibitory_signs-e1c1c96d-c228-11ec-a148-18cc1895e0b0.jpg,prohibitory_signs,C,,
prohibitory_signs-e1c1c96e-c228-11ec-bcb4-18cc1895e0b0.jpg,prohibitory_signs,C,,
prohibitory_signs-e1c1f083-c228-11ec-a230-18cc1895e0b0.jpg,prohibitory_signs,C,,
prohibitory_signs-e1c1f084-c228-11ec-ab2c-18cc1895e0b0.jpg,prohibitory_signs,C,,
prohibitory_signs-e1c1f085-c228-11ec-b900-18cc1895e0b0.jpg,prohibitory_signs,C,,
prohibitory_signs-e1c2178f-c228-11ec-97c7-18cc1895e0b0.jpg,prohibitory_signs,C,,
prohibitory_signs-e1c21790-c228-11ec-bf29-18cc1895e0b0.jpg,prohibitory_signs,C,,
prohibitory_signs-e1c21791-c228-11ec-a6ed-18cc1895e0b0.jpg,prohibitory_signs,C,,
prohibitory_signs-e1c23e9f-c228-11ec-9f7d-18cc1895e0b0.jpg,prohibitory_signs,C,,
prohibitory_signs-e1c23ea0-c228-11ec-8269-18cc1895e0b0.jpg,prohibitory_signs,C,,
prohibitory_signs-e1c265ae-c228-11ec-8b58-18cc1895e0b0.jpg,prohibitory_signs,C,,
prohibitory_signs-e1c265af-c228-11ec-9567-18cc1895e0b0.jpg,prohibitory_signs,C,,
prohibitory_signs-e1c265b0-c228-11ec-93cf-18cc1895e0b0.jpg,prohibitory_signs,C,,
prohibitory_signs-e1c28cc0-c228-11ec-813e-18cc1895e0b0.jpg,prohibitory_signs,C,,
prohibitory_signs-e1c28cc1-c228-11ec-8352-18cc1895e0b0.jpg,prohibitory_signs,C,,
prohibitory_signs-e1c28cc2-c228-11ec-bd80-18cc1895e0b0.jpg,prohibitory_signs,C,,
prohibitory_signs-e1c2b3d0-c228-11ec-aa03-18cc1895e0b0.jpg,prohibitory_signs,C,,
prohibitory_signs-e1c2b3d1-c228-11ec-b909-18cc1895e0b0.jpg,prohibitory_signs,C,,
prohibitory_signs-e1c2b3d2-c228-11ec-b67c-18cc1895e0b0.jpg,prohibitory_signs,C,,
mandatory_signs-e1c2dadf-c228-11ec-9429-18cc1895e0b0.jpg,mandatory_signs,D,,
mandatory_signs-e1c2dae0-c228-11ec-8c41-18cc1895e0b0.jpg,mandatory_signs,D,,
mandatory_signs-e1c301ef-c228-11ec-91e8-18cc1895e0b0.jpg,mandatory_signs,D,,
mandatory_signs-e1c301f0-c228-11ec-9b35-18cc1895e0b0.jpg,mandatory_signs,D,,
mandatory_signs-e1c301f1-c228-11ec-8cb2-18cc1895e0b0.jpg,mandatory_signs,D,,
mandatory_signs-e1c32917-c228-11ec-a135-18cc1895e0b0.jpg,mandatory_signs,D,,
mandatory_signs-e1c32918-c228-11ec-ac4f-18cc1895e0b0.jpg,mandatory_signs,D,,
mandatory_signs-e1c35028-c228-11ec-b6bd-18cc1895e0b0.jpg,mandatory_signs,D,,
mandatory_signs-e1c35029-c228-11ec-951f-18cc1895e0b0.jpg,mandatory_signs,D,,
mandatory_signs-e1c3502a-c228-11ec-8303-18cc1895e0b0.jpg,mandatory_signs,D,,
mandatory_signs-e1c3772a-c228-11ec-842c-18cc1895e0b0.jpg,mandatory_signs,D,,
mandatory_signs-e1c39e38-c228-11ec-afc4-18cc1895e0b0.jpg,mandatory_signs,D,,
mandatory_signs-e1c39e39-c228-11ec-b4b3-18cc1895e0b0.jpg,mandatory_signs,D,,
mandatory_signs-e1c3c549-c228-11ec-ba98-18cc1895e0b0.jpg,mandatory_signs,D,,
mandatory_signs-e1c3c54a-c228-11ec-9254-18cc1895e0b0.jpg,mandatory_signs,D,,
mandatory_signs-e1c3c54b-c228-11ec-b33c-18cc1895e0b0.jpg,mandatory_signs,D,,
mandatory_signs-e1c3ec4b-c228-11ec-a09e-18cc1895e0b0.jpg,mandatory_signs,D,,
mandatory_signs-e1c3ec4c-c228-11ec-97eb-18cc1895e0b0.jpg,mandatory_signs,D,,
mandatory_signs-e1c3ec4d-c228-11ec-8a20-18cc1895e0b0.jpg,mandatory_signs,D,,
mandatory_signs-e1c4135f-c228-11ec-a294-18cc1895e0b0.jpg,mandatory_signs,D,,
mandatory_signs-e1c41360-c228-11ec-9a95-18cc1895e0b0.jpg,mandatory_signs,D,,
instruction_signs-e1c41361-c228-11ec-adb1-18cc1895e0b0.jpg,instruction_signs,E,,
instruction_signs-e1c43a70-c228-11ec-ab50-18cc1895e0b0.jpg,instruction_signs,E,,
instruction_signs-e1c43a71-c228-11ec-b2df-18cc1895e0b0.jpg,instruction_signs,E,,
instruction_signs-e1c46183-c228-11ec-b0fc-18cc1895e0b0.jpg,instruction_signs,E,,
instruction_signs-e1c46184-c228-11ec-b460-18cc1895e0b0.jpg,instruction_signs,E,,
instruction_signs-e1c46185-c228-11ec-a38f-18cc1895e0b0.jpg,instruction_signs,E,,
instruction_signs-e1c4888b-c228-11ec-a213-18cc1895e0b0.jpg,instruction_signs,E,,
instruction_signs-e1c4888c-c228-11ec-b1c8-18cc1895e0b0.jpg,instruction_signs,E,,
instruction_signs-e1c4afa3-c228-11ec-a82b-18cc1895e0b0.jpg,instruction_signs,E,,
instruction_signs-e1c4afa4-c228-11ec-91b5-18cc1895e0b0.jpg,instruction_signs,E,,
instruction_signs-e1c4afa5-c228-11ec-ae9d-18cc1895e0b0.jpg,instruction_signs,E,,
instruction_signs-e1c4d6ac-c228-11ec-929d-18cc1895e0b0.jpg,instruction_signs,E,,
instruction_signs-e1c4d6ad-c228-11ec-942e-18cc1895e0b0.jpg,instruction_signs,E,,
instruction_signs-e1c4fdbf-c228-11ec-be84-18cc1895e0b0.jpg,instruction_signs,E,,
instruction_signs-e1c4fdc0-c228-11ec-b6e4-18cc1895e0b0.jpg,instruction_signs,E,,
instruction_signs-e1c4fdc1-c228-11ec-ad2e-18cc1895e0b0.jpg,instruction_signs,E,,
instruction_signs-e1c524cf-c228-11ec-959b-18cc1895e0b0.jpg,instruction_signs,E,,
instruction_signs-e1c524d0-c228-11ec-9364-18cc1895e0b0.jpg,instruction_signs,E,,
instruction_signs-e1c524d1-c228-11ec-b0c2-18cc1895e0b0.jpg,instruction_signs,E,,
instruction_signs-e1c54be6-c228-11ec-b55f-18cc1895e0b0.jpg,instruction_signs,E,,
instruction_signs-e1c54be7-c228-11ec-b108-18cc1895e0b0.jpg,instruction_signs,E,,
instruction_signs-e1c54be8-c228-11ec-a3e0-18cc1895e0b0.jpg,instruction_signs,E,,
instruction_signs-e1c572f0-c228-11ec-89ca-18cc1895e0b0.jpg,instruction_signs,E,,
instruction_signs-e1c572f1-c228-11ec-830e-18cc1895e0b0.jpg,instruction_signs,E,,
instruction_signs-e1c59a08-c228-11ec-9e2d-18cc1895e0b0.jpg,instruction_signs,E,,
instruction_signs-e1c59a09-c228-11ec-adfb-18cc1895e0b0.jpg,instruction_signs,E,,
instruction_signs-e1c59a0a-c228-11ec-829d-18cc1895e0b0.jpg,instruction_signs,E,,
instruction_signs-e1c5c11b-c228-11ec-b491-18cc1895e0b0.jpg,instruction_signs,E,,
instruction_signs-e1c5c11c-c228-11ec-9950-18cc1895e0b0.jpg,instruction_signs,E,,
instruction_signs-e1c5c11d-c228-11ec-b0ca-18cc1895e0b0.jpg,instruction_signs,E,,
instruction_signs-e1c5e823-c228-11ec-a536-18cc1895e0b0.jpg,instruction_signs,E,,
instruction_signs-e1c5e824-c228-11ec-b64a-18cc1895e0b0.jpg,instruction_signs,E,,
instruction_signs-e1c60f38-c228-11ec-9fe6-18cc1895e0b0.jpg,instruction_signs,E,,
instruction_signs-e1c60f39-c228-11ec-9c12-18cc1895e0b0.jpg,instruction_signs,E,,
instruction_signs-e1c60f3a-c228-11ec-973b-18cc1895e0b0.jpg,instruction_signs,E,,
instruction_signs-e1c63651-c228-11ec-aadf-18cc1895e0b0.jpg,instruction_signs,E,,
instruction_signs-e1c63652-c228-11ec-b2a9-18cc1895e0b0.jpg,instruction_signs,E,,
instruction_signs-e1c65d56-c228-11ec-b819-18cc1895e0b0.jpg,instruction_signs,E,,
instruction_signs-e1c65d57-c228-11ec-a491-18cc1895e0b0.jpg,instruction_signs,E,,
instruction_signs-e1c6846a-c228-11ec-ab2d-18cc1895e0b0.jpg,instruction_signs,E,,
instruction_signs-e1c6846b-c228-11ec-95b9-18cc1895e0b0.jpg,instruction_signs,E,,
instruction_signs-e1c6846c-c228-11ec-b2a8-18cc1895e0b0.jpg,instruction_signs,E,,
instruction_signs-e1c6ab70-c228-11ec-b96f-18cc1895e0b0.jpg,instruction_signs,E,,
instruction_signs-e1c6ab71-c228-11ec-95c9-18cc1895e0b0.jpg,instruction_signs,E,,
instruction_signs-e1c6ab72-c228-11ec-bfa6-18cc1895e0b0.jpg,instruction_signs,E,,
instruction_signs-e1c6d27e-c228-11ec-94c7-18cc1895e0b0.jpg,instruction_signs,E,,
instruction_signs-e1c6d27f-c228-11ec-96b6-18cc1895e0b0.jpg,instruction_signs,E,,
instruction_signs-e1c6d280-c228-11ec-a0d4-18cc1895e0b0.jpg,instruction_signs,E,,
instruction_signs-e1c6f9a2-c228-11ec-8a5d-18cc1895e0b0.jpg,instruction_signs,E,,
instruction_signs-e1c6f9a3-c228-11ec-b355-18cc1895e0b0.jpg,instruction_signs,E,,
instruction_signs-e1c6f9a4-c228-11ec-a1d0-18cc1895e0b0.jpg,instruction_signs,E,,
instruction_signs-e1c6f9a5-c228-11ec-a1ed-18cc1895e0b0.jpg,instruction_signs,E,,
instruction_signs-e1c7209e-c228-11ec-a09a-18cc1895e0b0.jpg,instruction_signs,E,,
instruction_signs-e1c7209f-c228-11ec-a822-18cc1895e0b0.jpg,instruction_signs,E,,
instruction_signs-e1c747ae-c228-11ec-84c2-18cc1895e0b0.jpg,instruction_signs,E,,
instruction_signs-e1c747af-c228-11ec-89a6-18cc1895e0b0.jpg,instruction_signs,E,,
instruction_signs-e1c76ebd-c228-11ec-bf02-18cc1895e0b0.jpg,instruction_signs,E,,
instruction_signs-e1c76ebe-c228-11ec-b052-18cc1895e0b0.jpg,instruction_signs,E,,
instruction_signs-e1c76ebf-c228-11ec-bc7b-18cc1895e0b0.jpg,instruction_signs,E,,
instruction_signs-e1c795cb-c228-11ec-a2f0-18cc1895e0b0.jpg,instruction_signs,E,,
instruction_signs-e1c795cc-c228-11ec-ace8-18cc1895e0b0.jpg,instruction_signs,E,,
instruction_signs-e1c7bcd9-c228-11ec-90f5-18cc1895e0b0.jpg,instruction_signs,E,,
instruction_signs-e1c7bcda-c228-11ec-bc75-18cc1895e0b0.jpg,instruction_signs,E,,
instruction_signs-e1c7bcdb-c228-11ec-abaa-18cc1895e0b0.jpg,instruction_signs,E,,
instruction_signs-e1c7e3ee-c228-11ec-987e-18cc1895e0b0.jpg,instruction_signs,E,,
instruction_signs-e1c7e3ef-c228-11ec-95a1-18cc1895e0b0.jpg,instruction_signs,E,,
instruction_signs-e1c80b01-c228-11ec-86ec-18cc1895e0b0.jpg,instruction_signs,E,,
instruction_signs-e1c80b02-c228-11ec-88fb-18cc1895e0b0.jpg,instruction_signs,E,,
instruction_signs-e1c80b03-c228-11ec-a1f4-18cc1895e0b0.jpg,instruction_signs,E,,
instruction_signs-e1c83213-c228-11ec-8177-18cc1895e0b0.jpg,instruction_signs,E,,
instruction_signs-e1c83214-c228-11ec-9a46-18cc1895e0b0.jpg,instruction_signs,E,,
instruction_signs-e1c83215-c228-11ec-ab02-18cc1895e0b0.jpg,instruction_signs,E,,
instruction_signs-e1c8591a-c228-11ec-9a6e-18cc1895e0b0.jpg,instruction_signs,E,,
instruction_signs-e1c8591b-c228-11ec-a124-18cc1895e0b0.jpg,instruction_signs,E,,
instruction_signs-e1c8591c-c228-11ec-9304-18cc1895e0b0.jpg,instruction_signs,E,,
instruction_signs-e1c8802d-c228-11ec-b0ba-18cc1895e0b0.jpg,instruction_signs,E,,
instruction_signs-e1c8802e-c228-11ec-95be-18cc1895e0b0.jpg,instruction_signs,E,,
instruction_signs-e1c8a74a-c228-11ec-894a-18cc1895e0b0.jpg,instruction_signs,E,,
instruction_signs-e1c8a74b-c228-11ec-9422-18cc1895e0b0.jpg,instruction_signs,E,,
instruction_signs-e1c8a74c-c228-11ec-a5bf-18cc1895e0b0.jpg,instruction_signs,E,,
instruction_signs-e1c8ce50-c228-11ec-8db4-18cc1895e0b0.jpg,instruction_signs,E,,
instruction_signs-e1c8ce51-c228-11ec-aea8-18cc1895e0b0.jpg,instruction_signs,E,,
instruction_signs-e1c8ce52-c228-11ec-984d-18cc1895e0b0.jpg,instruction_signs,E,,
instruction_signs-e1c8f55a-c228-11ec-8690-18cc1895e0b0.jpg,instruction_signs,E,,
instruction_signs-e1c8f55b-c228-11ec-89b6-18cc1895e0b0.jpg,instruction_signs,E,,
instruction_signs-e1c8f55c-c228-11ec-b90f-18cc1895e0b0.jpg,instruction_signs,E,,
instruction_signs-e1c91c71-c228-11ec-acc2-18cc1895e0b0.jpg,instruction_signs,E,,
instruction_signs-e1c91c72-c228-11ec-a5ce-18cc1895e0b0.jpg,instruction_signs,E,,
instruction_signs-e1c91c73-c228-11ec-88a2-18cc1895e0b0.jpg,instruction_signs,E,,
instruction_signs-e1c9437f-c228-11ec-8959-18cc1895e0b0.jpg,instruction_signs,E,,
instruction_signs-e1c94380-c228-11ec-b467-18cc1895e0b0.jpg,instruction_signs,E,,
instruction_signs-e1c94381-c228-11ec-9025-18cc1895e0b0.jpg,instruction_signs,E,,
instruction_signs-e1c96a8e-c228-11ec-88ce-18cc1895e0b0.jpg,instruction_signs,E,,
instruction_signs-e1c96a8f-c228-11ec-b5bb-18cc1895e0b0.jpg,instruction_signs,E,,
location_directions_signs-e1c96a90-c228-11ec-ad8e-18cc1895e0b0.jpg,location_directions_signs,F,,
location_directions_signs-e1c991a3-c228-11ec-806e-18cc1895e0b0.jpg,location_directions_signs,F,,
location_directions_signs-e1c991a4-c228-11ec-b24b-18cc1895e0b0.jpg,location_directions_signs,F,,
location_directions_signs-e1c991a5-c228-11ec-b4db-18cc1895e0b0.jpg,location_directions_signs,F,,
location_directions_signs-e1c9b8b0-c228-11ec-8721-18cc1895e0b0.jpg,location_directions_signs,F,,
location_directions_signs-e1c9b8b1-c228-11ec-a2ee-18cc1895e0b0.jpg,location_directions_signs,F,,
location_directions_signs-e1c9b8b2-c228-11ec-972f-18cc1895e0b0.jpg,location_directions_signs,F,,
location_directions_signs-e1c9dfc0-c228-11ec-8ece-18cc1895e0b0.jpg,location_directions_signs,F,,
location_directions_signs-e1c9dfc1-c228-11ec-ac64-18cc1895e0b0.jpg,location_directions_signs,F,,
location_directions_signs-e1c9dfc2-c228-11ec-b511-18cc1895e0b0.jpg,location_directions_signs,F,,
location_directions_signs-e1ca06cf-c228-11ec-ab4d-18cc1895e0b0.jpg,location_directions_signs,F,,
location_directions_signs-e1ca06d0-c228-11ec-8a96-18cc1895e0b0.jpg,location_directions_signs,F,,
location_directions_signs-e1ca06d1-c228-11ec-8538-18cc1895e0b0.jpg,location_directions_signs,F,,
location_directions_signs-e1ca2ddb-c228-11ec-9ca1-18cc1895e0b0.jpg,location_directions_signs,F,,
location_directions_signs-e1ca2ddc-c228-11ec-9bd9-18cc1895e0b0.jpg,location_directions_signs,F,,
location_directions_signs-e1ca2ddd-c228-11ec-a197-18cc1895e0b0.jpg,location_directions_signs,F,,
location_directions_signs-e1ca5508-c228-11ec-a0ef-18cc1895e0b0.jpg,location_directions_signs,F,,
location_directions_signs-e1ca5509-c228-11ec-85e0-18cc1895e0b0.jpg,location_directions_signs,F,,
location_directions_signs-e1ca7c62-c228-11ec-929b-18cc1895e0b0.jpg,location_directions_signs,F,,
location_directions_signs-e1ca7c63-c228-11ec-8552-18cc1895e0b0.jpg,location_directions_signs,F,,
location_directions_signs-e1ca7c64-c228-11ec-98fd-18cc1895e0b0.jpg,location_directions_signs,F,,
location_directions_signs-e1caa362-c228-11ec-bb0e-18cc1895e0b0.jpg,location_directions_signs,F,,
location_directions_signs-e1caa363-c228-11ec-8516-18cc1895e0b0.jpg,location_directions_signs,F,,
location_directions_signs-e1caa364-c228-11ec-8631-18cc1895e0b0.jpg,location_directions_signs,F,,
location_directions_signs-e1caca75-c228-11ec-9fd3-18cc1895e0b0.jpg,location_directions_signs,F,,
location_directions_signs-e1caca76-c228-11ec-965d-18cc1895e0b0.jpg,location_directions_signs,F,,
location_directions_signs-e1caca77-c228-11ec-9529-18cc1895e0b0.jpg,location_directions_signs,F,,
location_directions_signs-e1caf188-c228-11ec-872e-18cc1895e0b0.jpg,location_directions_signs,F,,
location_directions_signs-e1caf189-c228-11ec-8848-18cc1895e0b0.jpg,location_directions_signs,F,,
location_directions_signs-e1caf18a-c228-11ec-be71-18cc1895e0b0.jpg,location_directions_signs,F,,
location_directions_signs-e1cb189b-c228-11ec-9256-18cc1895e0b0.jpg,location_directions_signs,F,,
location_directions_signs-e1cb189c-c228-11ec-bd08-18cc1895e0b0.jpg,location_directions_signs,F,,
location_directions_signs-e1cb3fa5-c228-11ec-83f4-18cc1895e0b0.jpg,location_directions_signs,F,,
location_directions_signs-e1cb3fa6-c228-11ec-9534-18cc1895e0b0.jpg,location_directions_signs,F,,
location_directions_signs-e1cb3fa7-c228-11ec-8a31-18cc1895e0b0.jpg,location_directions_signs,F,,
location_directions_signs-e1cb3fa8-c228-11ec-b609-18cc1895e0b0.jpg,location_directions_signs,F,,
location_directions_signs-e1cb66b3-c228-11ec-9eae-18cc1895e0b0.jpg,location_directions_signs,F,,
location_directions_signs-e1cb66b4-c228-11ec-8eb7-18cc1895e0b0.jpg,location_directions_signs,F,,
location_directions_signs-e1cb8dc6-c228-11ec-b8f6-18cc1895e0b0.jpg,location_directions_signs,F,,
location_directions_signs-e1cb8dc7-c228-11ec-9b80-18cc1895e0b0.jpg,location_directions_signs,F,,
location_directions_signs-e1cb8dc8-c228-11ec-a898-18cc1895e0b0.jpg,location_directions_signs,F,,
location_directions_signs-e1cbb4d4-c228-11ec-b8ce-18cc1895e0b0.jpg,location_directions_signs,F,,
location_public_signs-e1cbb4d5-c228-11ec-b8da-18cc1895e0b0.jpg,location_public_signs,G,,
location_public_signs-e1cbb4d6-c228-11ec-92c3-18cc1895e0b0.jpg,location_public_signs,G,,
location_public_signs-e1cbdbe4-c228-11ec-bb7d-18cc1895e0b0.jpg,location_public_signs,G,,
location_public_signs-e1cc0301-c228-11ec-8fef-18cc1895e0b0.jpg,location_public_signs,G,,
location_public_signs-e1cc0302-c228-11ec-9823-18cc1895e0b0.jpg,location_public_signs,G,,
location_public_signs-e1cc0303-c228-11ec-b43d-18cc1895e0b0.jpg,location_public_signs,G,,
location_public_signs-e1cc2a04-c228-11ec-90d0-18cc1895e0b0.jpg,location_public_signs,G,,
location_public_signs-e1cc2a05-c228-11ec-8d33-18cc1895e0b0.jpg,location_public_signs,G,,
location_public_signs-e1cc2a06-c228-11ec-a3e1-18cc1895e0b0.jpg,location_public_signs,G,,
location_service_signs-e1cc5113-c228-11ec-96b6-18cc1895e0b0.jpg,location_service_signs,H,,
location_service_signs-e1cc5114-c228-11ec-9f0e-18cc1895e0b0.jpg,location_service_signs,H,,
location_service_signs-e1cc5115-c228-11ec-8731-18cc1895e0b0.jpg,location_service_signs,H,,
location_service_signs-e1cc7824-c228-11ec-ae4b-18cc1895e0b0.jpg,location_service_signs,H,,
location_service_signs-e1cc7825-c228-11ec-8b1e-18cc1895e0b0.jpg,location_service_signs,H,,
location_service_signs-e1cc9f35-c228-11ec-a256-18cc1895e0b0.jpg,location_service_signs,H,,
location_service_signs-e1cc9f36-c228-11ec-afd7-18cc1895e0b0.jpg,location_service_signs,H,,
location_service_signs-e1cc9f37-c228-11ec-bd2b-18cc1895e0b0.jpg,location_service_signs,H,,
location_service_signs-e1ccc644-c228-11ec-a4f4-18cc1895e0b0.jpg,location_service_signs,H,,
location_service_signs-e1ccc645-c228-11ec-89c2-18cc1895e0b0.jpg,location_service_signs,H,,
location_service_signs-e1ccc646-c228-11ec-9c1b-18cc1895e0b0.jpg,location_service_signs,H,,
location_service_signs-e1cced57-c228-11ec-a1a5-18cc1895e0b0.jpg,location_service_signs,H,,
location_service_signs-e1cced58-c228-11ec-8a4a-18cc1895e0b0.jpg,location_service_signs,H,,
location_service_signs-e1cced59-c228-11ec-bf2c-18cc1895e0b0.jpg,location_service_signs,H,,
location_service_signs-e1cd1465-c228-11ec-9969-18cc1895e0b0.jpg,location_service_signs,H,,
location_service_signs-e1cd1466-c228-11ec-be73-18cc1895e0b0.jpg,location_service_signs,H,,
location_service_signs-e1cd1467-c228-11ec-a397-18cc1895e0b0.jpg,location_service_signs,H,,
location_service_signs-e1cd3b81-c228-11ec-88e3-18cc1895e0b0.jpg,location_service_signs,H,,
location_service_signs-e1cd3b82-c228-11ec-b5ed-18cc1895e0b0.jpg,location_service_signs,H,,
location_service_signs-e1cd3b83-c228-11ec-be1a-18cc1895e0b0.jpg,location_service_signs,H,,
location_service_signs-e1cd62aa-c228-11ec-ad0c-18cc1895e0b0.jpg,location_service_signs,H,,
location_service_signs-e1cd89a8-c228-11ec-b5bc-18cc1895e0b0.jpg,location_service_signs,H,,
location_service_signs-e1cd89a9-c228-11ec-a94e-18cc1895e0b0.jpg,location_service_signs,H,,
location_service_signs-e1cd89aa-c228-11ec-8b90-18cc1895e0b0.jpg,location_service_signs,H,,
location_service_signs-e1cdb0b6-c228-11ec-b0c4-18cc1895e0b0.jpg,location_service_signs,H,,
location_service_signs-e1cdb0b7-c228-11ec-b21e-18cc1895e0b0.jpg,location_service_signs,H,,
location_POI_signs-e1cdd7c1-c228-11ec-940a-18cc1895e0b0.jpg,location_POI_signs,I,,
location_POI_signs-e1cdd7c2-c228-11ec-be1e-18cc1895e0b0.jpg,location_POI_signs,I,,
location_POI_signs-e1cdd7c3-c228-11ec-b7a1-18cc1895e0b0.jpg,location_POI_signs,I,,
location_POI_signs-e1cdfed3-c228-11ec-b923-18cc1895e0b0.jpg,location_POI_signs,I,,
symbols-e1ce4ce6-c228-11ec-b38a-18cc1895e0b0.jpg,symbols,P,,
symbols-e1ce4ce7-c228-11ec-9dec-18cc1895e0b0.jpg,symbols,P,,
symbols-e1ce73f6-c228-11ec-8709-18cc1895e0b0.jpg,symbols,P,,
symbols-e1ce73f7-c228-11ec-90d7-18cc1895e0b0.jpg,symbols,P,,
symbols-e1ce9b07-c228-11ec-ae1f-18cc1895e0b0.jpg,symbols,P,,
symbols-e1ce9b08-c228-11ec-8602-18cc1895e0b0.jpg,symbols,P,,
symbols-e1ce9b09-c228-11ec-b36a-18cc1895e0b0.jpg,symbols,P,,
symbols-e1ce9b0a-c228-11ec-aef2-18cc1895e0b0.jpg,symbols,P,,
symbols-e1cec22e-c228-11ec-af9f-18cc1895e0b0.jpg,symbols,P,,
symbols-e1cec22f-c228-11ec-b146-18cc1895e0b0.jpg,symbols,P,,
symbols-e1cec230-c228-11ec-ae14-18cc1895e0b0.jpg,symbols,P,,
symbols-e1cee93c-c228-11ec-87a6-18cc1895e0b0.jpg,symbols,P,,
symbols-e1cee93d-c228-11ec-9d6d-18cc1895e0b0.jpg,symbols,P,,
additional_boards-e1cf104c-c228-11ec-9ed2-18cc1895e0b0.jpg,additional_boards,S,,
additional_boards-e1cf104d-c228-11ec-a814-18cc1895e0b0.jpg,additional_boards,S,,
additional_boards-e1cf104e-c228-11ec-9efe-18cc1895e0b0.jpg,additional_boards,S,,
additional_boards-e1cf3751-c228-11ec-8566-18cc1895e0b0.jpg,additional_boards,S,,
additional_boards-e1cf3752-c228-11ec-8789-18cc1895e0b0.jpg,additional_boards,S,,
additional_boards-e1cf3753-c228-11ec-9ebe-18cc1895e0b0.jpg,additional_boards,S,,
additional_boards-e1cf5e63-c228-11ec-8227-18cc1895e0b0.jpg,additional_boards,S,,
additional_boards-e1cf5e64-c228-11ec-a0f4-18cc1895e0b0.jpg,additional_boards,S,,
additional_boards-e1cf5e65-c228-11ec-9634-18cc1895e0b0.jpg,additional_boards,S,,
additional_boards-e1cf856b-c228-11ec-80a7-18cc1895e0b0.jpg,additional_boards,S,,
additional_boards-e1cf856c-c228-11ec-92ec-18cc1895e0b0.jpg,additional_boards,S,,
additional_boards-e1cf856d-c228-11ec-8074-18cc1895e0b0.jpg,additional_boards,S,,
additional_boards-e1cf856e-c228-11ec-8a86-18cc1895e0b0.jpg,additional_boards,S,,
additional_boards-e1cfac78-c228-11ec-9814-18cc1895e0b0.jpg,additional_boards,S,,
additional_boards-e1cfd38e-c228-11ec-83e1-18cc1895e0b0.jpg,additional_boards,S,,
additional_boards-e1cfd38f-c228-11ec-b64d-18cc1895e0b0.jpg,additional_boards,S,,
additional_boards-e1cfd390-c228-11ec-8c9b-18cc1895e0b0.jpg,additional_boards,S,,
additional_boards-e1cffab3-c228-11ec-b25d-18cc1895e0b0.jpg,additional_boards,S,,
additional_boards-e1cffab4-c228-11ec-8daf-18cc1895e0b0.jpg,additional_boards,S,,
additional_boards-e1cffab5-c228-11ec-8cbd-18cc1895e0b0.jpg,additional_boards,S,,
additional_boards-e1d021d0-c228-11ec-a80b-18cc1895e0b0.jpg,additional_boards,S,,
additional_boards-e1d021d1-c228-11ec-9cb3-18cc1895e0b0.jpg,additional_boards,S,,
additional_boards-e1d048d3-c228-11ec-926a-18cc1895e0b0.jpg,additional_boards,S,,
additional_boards-e1d048d4-c228-11ec-9ac5-18cc1895e0b0.jpg,additional_boards,S,,
additional_boards-e1d06fe0-c228-11ec-b730-18cc1895e0b0.jpg,additional_boards,S,,
additional_boards-e1d06fe1-c228-11ec-99a6-18cc1895e0b0.jpg,additional_boards,S,,
additional_boards-e1d09700-c228-11ec-aa4d-18cc1895e0b0.jpg,additional_boards,S,,
additional_boards-e1d09701-c228-11ec-9854-18cc1895e0b0.jpg,additional_boards,S,,
additional_boards-e1d0bdf6-c228-11ec-aca2-18cc1895e0b0.jpg,additional_boards,S,,
additional_boards-e1d0bdf7-c228-11ec-a19e-18cc1895e0b0.jpg,additional_boards,S,,
additional_boards-e1d0e52f-c228-11ec-a651-18cc1895e0b0.jpg,additional_boards,S,,
additional_boards-e1d0e530-c228-11ec-8007-18cc1895e0b0.jpg,additional_boards,S,,
additional_boards-e1d10c2f-c228-11ec-a9cc-18cc1895e0b0.jpg,additional_boards,S,,
additional_boards-e1d10c30-c228-11ec-b49f-18cc1895e0b0.jpg,additional_boards,S,,
additional_boards-e1d1333d-c228-11ec-8e54-18cc1895e0b0.jpg,additional_boards,S,,
additional_boards-e1d1333e-c228-11ec-aa53-18cc1895e0b0.jpg,additional_boards,S,,
additional_boards-e1d1333f-c228-11ec-9560-18cc1895e0b0.jpg,additional_boards,S,,
additional_boards-e1d15a44-c228-11ec-8dad-18cc1895e0b0.jpg,additional_boards,S,,
additional_boards-e1d15a45-c228-11ec-88f7-18cc1895e0b0.jpg,additional_boards,S,,
additional_boards-e1d18159-c228-11ec-8be2-18cc1895e0b0.jpg,additional_boards,S,,
additional_boards-e1d1815a-c228-11ec-a5cd-18cc1895e0b0.jpg,additional_boards,S,,
additional_boards-e1d1a863-c228-11ec-8d7d-18cc1895e0b0.jpg,additional_boards,S,,
additional_boards-e1d1a864-c228-11ec-93cf-18cc1895e0b0.jpg,additional_boards,S,,
additional_boards-e1d1a865-c228-11ec-a8f6-18cc1895e0b0.jpg,additional_boards,S,,
additional_boards-e1d1cf7c-c228-11ec-a062-18cc1895e0b0.jpg,additional_boards,S,,
additional_boards-e1d1cf7d-c228-11ec-81e0-18cc1895e0b0.jpg,additional_boards,S,,
additional_boards-e1d1cf7e-c228-11ec-bdc2-18cc1895e0b0.jpg,additional_boards,S,,
additional_boards-e1d1f689-c228-11ec-a6ec-18cc1895e0b0.jpg,additional_boards,S,,
additional_boards-e1d1f68a-c228-11ec-a748-18cc1895e0b0.jpg,additional_boards,S,,
additional_boards-e1d1f68b-c228-11ec-b207-18cc1895e0b0.jpg,additional_boards,S,,
additional_boards-e1d21d9a-c228-11ec-b46d-18cc1895e0b0.jpg,additional_boards,S,,
additional_boards-e1d244b6-c228-11ec-9c92-18cc1895e0b0.jpg,additional_boards,S,,
additional_boards-e1d244b7-c228-11ec-8427-18cc1895e0b0.jpg,additional_boards,S,,
additional_boards-e1d26bc1-c228-11ec-b456-18cc1895e0b0.jpg,additional_boards,S,,
additional_boards-e1d26bc2-c228-11ec-b41e-18cc1895e0b0.jpg,additional_boards,S,,
additional_boards-e1d26bc3-c228-11ec-a9aa-18cc1895e0b0.jpg,additional_boards,S,,
additional_boards-e1d292cf-c228-11ec-9741-18cc1895e0b0.jpg,additional_boards,S,,
additional_boards-e1d292d0-c228-11ec-aae7-18cc1895e0b0.jpg,additional_boards,S,,
additional_boards-e1d2b9db-c228-11ec-8884-18cc1895e0b0.jpg,additional_boards,S,,
additional_boards-e1d2b9dc-c228-11ec-a5ed-18cc1895e0b0.jpg,additional_boards,S,,
additional_boards-e1d2b9dd-c228-11ec-9821-18cc1895e0b0.jpg,additional_boards,S,,
additional_boards-e1d2e106-c228-11ec-8715-18cc1895e0b0.jpg,additional_boards,S,,
other-e1d2e107-c228-11ec-b978-18cc1895e0b0.jpg,other,T,,
other-e1d30802-c228-11ec-8015-18cc1895e0b0.jpg,other,T,,
other-e1d30803-c228-11ec-a9f8-18cc1895e0b0.jpg,other,T,,
other-e1d32f18-c228-11ec-aa1a-18cc1895e0b0.jpg,other,T,,
other-e1d32f19-c228-11ec-b7ec-18cc1895e0b0.jpg,other,T,,
other-e1d35624-c228-11ec-bcce-18cc1895e0b0.jpg,other,T,,
other-e1d35625-c228-11ec-802a-18cc1895e0b0.jpg,other,T,,
uncategorized-df28b502-c22a-11ec-85aa-18cc1895e0b0.jpg,uncategorized,X,,
uncategorized-df28dbf9-c22a-11ec-97d0-18cc1895e0b0.jpg,uncategorized,X,,
uncategorized-df2901e1-c22a-11ec-a39b-18cc1895e0b0.jpg,uncategorized,X,,
uncategorized-df2901e2-c22a-11ec-b320-18cc1895e0b0.jpg,uncategorized,X,,
uncategorized-df292a17-c22a-11ec-99a2-18cc1895e0b0.jpg,uncategorized,X,,
uncategorized-df295128-c22a-11ec-a652-18cc1895e0b0.jpg,uncategorized,X,,
uncategorized-df297834-c22a-11ec-86eb-18cc1895e0b0.jpg,uncategorized,X,,
uncategorized-df297835-c22a-11ec-93f1-18cc1895e0b0.jpg,uncategorized,X,,
uncategorized-df299e22-c22a-11ec-864a-18cc1895e0b0.jpg,uncategorized,X,,
uncategorized-df29c52f-c22a-11ec-a7d0-18cc1895e0b0.jpg,uncategorized,X,,
uncategorized-df29ec40-c22a-11ec-adf8-18cc1895e0b0.jpg,uncategorized,X,,
uncategorized-df2a1354-c22a-11ec-8f77-18cc1895e0b0.jpg,uncategorized,X,,
uncategorized-df2a1355-c22a-11ec-bfda-18cc1895e0b0.jpg,uncategorized,X,,
uncategorized-df2a888e-c22a-11ec-8d57-18cc1895e0b0.jpg,uncategorized,X,,
uncategorized-df2a888f-c22a-11ec-aba5-18cc1895e0b0.jpg,uncategorized,X,,
uncategorized-df2aaf91-c22a-11ec-a78e-18cc1895e0b0.jpg,uncategorized,X,,
uncategorized-df2ad6a1-c22a-11ec-a401-18cc1895e0b0.jpg,uncategorized,X,,
